Method,Name,Error,Occurrences
POST,/api/v0/user/adventures,CatchResponseError('Request took too long: 3.452896 seconds'),1
POST,/api/v0/user/adventures,CatchResponseError('Request took too long: 4.422798 seconds'),1
POST,/api/v0/user/adventures,CatchResponseError('Request took too long: 3.659575 seconds'),1
POST,/api/v0/user/adventures,CatchResponseError('Request took too long: 5.329319 seconds'),1
POST,/api/v0/user/adventures,CatchResponseError('Request took too long: 4.719226 seconds'),1
POST,/api/v0/user/adventures,CatchResponseError('Request took too long: 4.3637 seconds'),1
POST,/api/v0/user/adventures,CatchResponseError('Request took too long: 4.012154 seconds'),1
POST,/api/v0/user/adventures,CatchResponseError('Request took too long: 4.872775 seconds'),1
POST,/api/v0/user/adventures,CatchResponseError('Request took too long: 3.494699 seconds'),1
POST,/api/v0/user/adventures,CatchResponseError('Request took too long: 5.247359 seconds'),1
POST,/api/v0/user/adventures,CatchResponseError('Request took too long: 4.292307 seconds'),1
POST,/api/v0/user/adventures,CatchResponseError('Request took too long: 3.758947 seconds'),1
POST,/api/v0/user/adventures,CatchResponseError('Request took too long: 4.434068 seconds'),1
POST,/api/v0/user/adventures,CatchResponseError('Request took too long: 4.324831 seconds'),1
POST,/api/v0/user/adventures,CatchResponseError('Request took too long: 6.254383 seconds'),1
POST,/api/v0/user/adventures,CatchResponseError('Request took too long: 3.480747 seconds'),1
POST,/api/v0/user/adventures,CatchResponseError('Request took too long: 3.86825 seconds'),1
POST,/api/v0/user/adventures,CatchResponseError('Request took too long: 4.433574 seconds'),1
POST,/api/v0/user/adventures,CatchResponseError('Request took too long: 6.532593 seconds'),1
POST,/api/v0/user/adventures,CatchResponseError('Request took too long: 11.84775 seconds'),1
POST,/api/v0/user/adventures,CatchResponseError('Request took too long: 3.73086 seconds'),1
POST,/api/v0/user/adventures,CatchResponseError('Request took too long: 3.77795 seconds'),1
POST,/api/v0/user/adventures,CatchResponseError('Request took too long: 4.293495 seconds'),1
POST,/api/v0/user/adventures,CatchResponseError('Request took too long: 3.70397 seconds'),1
POST,/api/v0/user/adventures,CatchResponseError('Request took too long: 4.260829 seconds'),1
POST,/api/v0/user/adventures,CatchResponseError('Request took too long: 6.37701 seconds'),1
POST,/api/v0/user/adventures,CatchResponseError('Request took too long: 4.835848 seconds'),1
POST,/api/v0/user/adventures,CatchResponseError('Request took too long: 4.270164 seconds'),1
POST,/api/v0/user/adventures,CatchResponseError('Request took too long: 4.464081 seconds'),1
POST,/api/v0/user/adventures,CatchResponseError('Request took too long: 4.29857 seconds'),1
POST,/api/v0/user/adventures,CatchResponseError('Request took too long: 4.805191 seconds'),1
POST,/api/v0/user/adventures,CatchResponseError('Request took too long: 4.366711 seconds'),1
POST,/api/v0/user/adventures,CatchResponseError('Request took too long: 4.972723 seconds'),1
POST,/api/v0/user/adventures,CatchResponseError('Request took too long: 6.008088 seconds'),1
POST,/api/v0/user/adventures,CatchResponseError('Request took too long: 4.073138 seconds'),1
POST,/api/v0/user/adventures,CatchResponseError('Request took too long: 3.893977 seconds'),1
POST,/api/v0/user/adventures,CatchResponseError('Request took too long: 4.57496 seconds'),1
POST,/api/v0/user/adventures,CatchResponseError('Request took too long: 3.714265 seconds'),1
POST,/api/v0/user/adventures,CatchResponseError('Request took too long: 4.418657 seconds'),1
POST,/api/v0/user/adventures,CatchResponseError('Request took too long: 4.34917 seconds'),1
POST,/api/v0/user/adventures,CatchResponseError('Request took too long: 3.958723 seconds'),1
POST,/api/v0/user/adventures,CatchResponseError('Request took too long: 4.599233 seconds'),1
POST,/api/v0/user/adventures,CatchResponseError('Request took too long: 4.010191 seconds'),1
POST,/api/v0/user/adventures,CatchResponseError('Request took too long: 6.064967 seconds'),1
POST,/api/v0/user/adventures,CatchResponseError('Request took too long: 4.280985 seconds'),1
POST,/api/v0/user/adventures,CatchResponseError('Request took too long: 3.717142 seconds'),1
POST,/api/v0/user/adventures,CatchResponseError('Request took too long: 4.069404 seconds'),1
POST,/api/v0/user/adventures,CatchResponseError('Request took too long: 4.120003 seconds'),1
POST,/api/v0/user/adventures,CatchResponseError('Request took too long: 5.174386 seconds'),1
